TIMESTAMP,TRACK_ID,OBJECT_TYPE,X,Y,CITY_NAME
315970010.7252735,00000000-0000-0000-0000-000000000000,AV,527.3378864382476,2353.440576344059,MIA
315970010.7252735,00000000-0000-0000-0000-000000047909,OTHERS,538.3685625656362,2349.408934123094,MIA
315970010.7252735,00000000-0000-0000-0000-000000047977,OTHERS,543.5188871502403,2358.0884962579025,MIA
315970010.7252735,00000000-0000-0000-0000-000000048020,OTHERS,502.02319913119277,2348.949968279207,MIA
315970010.7252735,00000000-0000-0000-0000-000000048015,OTHERS,500.47068504208863,2348.974908088237,MIA
315970010.7252735,00000000-0000-0000-0000-000000047940,OTHERS,549.450288104193,2354.2143401560847,MIA
315970010.7252735,00000000-0000-0000-0000-000000047987,OTHERS,508.8717439565885,2351.9000525673364,MIA
315970010.7252735,00000000-0000-0000-0000-000000047727,AGENT,552.5162082872612,2350.8445044557384,MIA
315970010.7252735,00000000-0000-0000-0000-000000047413,OTHERS,535.2960067494644,2353.904381299848,MIA
315970010.7252735,00000000-0000-0000-0000-000000047957,OTHERS,559.2408315977505,2363.291239696309,MIA
315970010.7252735,00000000-0000-0000-0000-000000047891,OTHERS,521.5107758894886,2353.123115236231,MIA
315970010.824168,00000000-0000-0000-0000-000000000000,AV,527.3379774357949,2353.4405192251675,MIA
315970010.824168,00000000-0000-0000-0000-000000047909,OTHERS,538.8428773687823,2349.430405953585,MIA
315970010.824168,00000000-0000-0000-0000-000000048018,OTHERS,498.32179646606835,2359.2706202283607,MIA
315970010.824168,00000000-0000-0000-0000-000000047727,AGENT,552.5697728037748,2350.870560628745,MIA
315970010.824168,00000000-0000-0000-0000-000000047413,OTHERS,535.5532384003466,2354.079132004193,MIA
315970010.824168,00000000-0000-0000-0000-000000048015,OTHERS,501.6094533498993,2348.9194803167693,MIA
315970010.824168,00000000-0000-0000-0000-000000047940,OTHERS,549.5149347400908,2354.2801319957152,MIA
315970010.824168,00000000-0000-0000-0000-000000047987,OTHERS,509.1656564731617,2351.9691184974968,MIA
315970010.824168,00000000-0000-0000-0000-000000047891,OTHERS,521.5403508618865,2353.136621787978,MIA
315970010.824168,00000000-0000-0000-0000-000000047977,OTHERS,542.7760499630484,2358.116957468773,MIA
315970010.824168,00000000-0000-0000-0000-000000047957,OTHERS,558.89789150797,2362.8803290047213,MIA
315970010.92485976,00000000-0000-0000-0000-000000000000,AV,527.3377920654654,2353.440765430205,MIA
315970010.92485976,00000000-0000-0000-0000-000000047909,OTHERS,539.3041538186766,2349.458706955676,MIA
315970010.92485976,00000000-0000-0000-0000-000000048018,OTHERS,498.1797102320123,2359.385945658825,MIA
315970010.92485976,00000000-0000-0000-0000-000000047727,AGENT,552.6838842835458,2350.863008228797,MIA
315970010.92485976,00000000-0000-0000-0000-000000047413,OTHERS,535.2811146901095,2353.895648256704,MIA
315970010.92485976,00000000-0000-0000-0000-000000048015,OTHERS,501.94410547372536,2349.0282851354973,MIA
315970010.92485976,00000000-0000-0000-0000-000000047940,OTHERS,549.5133273349228,2354.2466107723844,MIA
315970010.92485976,00000000-0000-0000-0000-000000047987,OTHERS,509.3724766974749,2351.986904991187,MIA
315970010.92485976,00000000-0000-0000-0000-000000047891,OTHERS,521.5044270390908,2353.1160878111896,MIA
315970010.92485976,00000000-0000-0000-0000-000000047977,OTHERS,541.8868027581036,2358.0521833389707,MIA
315970010.92485976,00000000-0000-0000-0000-000000047957,OTHERS,558.6833657078773,2362.551989475849,MIA
315970011.02379304,00000000-0000-0000-0000-000000000000,AV,527.3380413355065,2353.4409505582753,MIA
315970011.02379304,00000000-0000-0000-0000-000000048015,OTHERS,502.4742376322558,2349.041096484641,MIA
315970011.02379304,00000000-0000-0000-0000-000000048018,OTHERS,498.03811206058054,2359.3529954392184,MIA
315970011.02379304,00000000-0000-0000-0000-000000047727,AGENT,552.7476247700682,2350.846089801637,MIA
315970011.02379304,00000000-0000-0000-0000-000000047413,OTHERS,535.2831364838928,2353.8916491074638,MIA
315970011.02379304,00000000-0000-0000-0000-000000047987,OTHERS,509.5703601329049,2352.0121028219155,MIA
315970011.02379304,00000000-0000-0000-0000-000000047940,OTHERS,549.5105239118799,2354.2429644587937,MIA
315970011.02379304,00000000-0000-0000-0000-000000047891,OTHERS,521.5144978823726,2353.1187028845598,MIA
315970011.02379304,00000000-0000-0000-0000-000000047977,OTHERS,541.0814636807313,2358.056456733057,MIA
315970011.02379304,00000000-0000-0000-0000-000000047957,OTHERS,558.7007976365303,2362.3382715470198,MIA
315970011.02379304,00000000-0000-0000-0000-000000047909,OTHERS,539.8036967253479,2349.4702198283485,MIA
315970011.12422216,00000000-0000-0000-0000-000000000000,AV,527.3380773726162,2353.440589127226,MIA
315970011.12422216,00000000-0000-0000-0000-000000047909,OTHERS,540.2212423755387,2349.465917788191,MIA
315970011.12422216,00000000-0000-0000-0000-000000048018,OTHERS,497.8596869168843,2359.180545231907,MIA
315970011.12422216,00000000-0000-0000-0000-000000047413,OTHERS,535.5360549730426,2354.0710050289827,MIA
315970011.12422216,00000000-0000-0000-0000-000000047727,AGENT,552.8456089723553,2350.864387856639,MIA
315970011.12422216,00000000-0000-0000-0000-000000047891,OTHERS,521.5221286588434,2353.144088167341,MIA
315970011.12422216,00000000-0000-0000-0000-000000048015,OTHERS,502.90794198208437,2349.0131149565764,MIA
315970011.12422216,00000000-0000-0000-0000-000000047940,OTHERS,549.6274760158987,2354.267094029786,MIA
315970011.12422216,00000000-0000-0000-0000-000000047987,OTHERS,509.83940279347763,2352.0320139480773,MIA
315970011.12422216,00000000-0000-0000-0000-000000047977,OTHERS,540.2182508113997,2357.997913760501,MIA
315970011.12422216,00000000-0000-0000-0000-000000047957,OTHERS,558.5149871005725,2362.0556609260198,MIA
315970011.22374535,00000000-0000-0000-0000-000000000000,AV,527.3383791108354,2353.4403715529456,MIA
315970011.22374535,00000000-0000-0000-0000-000000048015,OTHERS,503.36966817362185,2349.05493620157,MIA
315970011.22374535,00000000-0000-0000-0000-000000048018,OTHERS,497.71573544068116,2359.180996719611,MIA
315970011.22374535,00000000-0000-0000-0000-000000047413,OTHERS,535.5449983672809,2354.068075113825,MIA
315970011.22374535,00000000-0000-0000-0000-000000047987,OTHERS,510.00400237257736,2352.053448154517,MIA
315970011.22374535,00000000-0000-0000-0000-000000047940,OTHERS,549.5572198926312,2354.2390538171508,MIA
315970011.22374535,00000000-0000-0000-0000-000000047727,AGENT,552.9027431389193,2350.846056535653,MIA
315970011.22374535,00000000-0000-0000-0000-000000047977,OTHERS,539.3618622105886,2358.0037572052065,MIA
315970011.22374535,00000000-0000-0000-0000-000000047957,OTHERS,558.3149277643026,2361.7185075979555,MIA
315970011.22374535,00000000-0000-0000-0000-000000047891,OTHERS,521.5081698090861,2353.121462910848,MIA
315970011.22374535,00000000-0000-0000-0000-000000047909,OTHERS,540.6661148214691,2349.4771064413394,MIA
315970011.323306,00000000-0000-0000-0000-000000000000,AV,527.3383005026909,2353.4400568410847,MIA
315970011.323306,00000000-0000-0000-0000-000000048015,OTHERS,503.7387195480405,2349.052931693249,MIA
315970011.323306,00000000-0000-0000-0000-000000048018,OTHERS,497.71573544068116,2359.180996719611,MIA
315970011.323306,00000000-0000-0000-0000-000000047413,OTHERS,535.2815634727139,2353.8976787590673,MIA
315970011.323306,00000000-0000-0000-0000-000000047987,OTHERS,510.2176489625381,2352.086046076189,MIA
315970011.323306,00000000-0000-0000-0000-000000047940,OTHERS,549.5390507495221,2354.232243473024,MIA
315970011.323306,00000000-0000-0000-0000-000000047727,AGENT,553.0676341793085,2350.8486903377843,MIA
315970011.323306,00000000-0000-0000-0000-000000047977,OTHERS,538.6592891400513,2358.018353020409,MIA
315970011.323306,00000000-0000-0000-0000-000000047957,OTHERS,558.1804402408724,2361.4969757572,MIA
315970011.323306,00000000-0000-0000-0000-000000047891,OTHERS,521.5317377221888,2353.1313424074865,MIA
315970011.323306,00000000-0000-0000-0000-000000047909,OTHERS,541.1053676814754,2349.493417103431,MIA
315970011.42366165,00000000-0000-0000-0000-000000000000,AV,527.3387353122229,2353.4396996981422,MIA
315970011.42366165,00000000-0000-0000-0000-000000047413,OTHERS,535.5455195153911,2354.075218529225,MIA
315970011.42366165,00000000-0000-0000-0000-000000048018,OTHERS,497.3824742891574,2359.145507744909,MIA
315970011.42366165,00000000-0000-0000-0000-000000048015,OTHERS,504.35505853929374,2349.0318041791115,MIA
315970011.42366165,00000000-0000-0000-0000-000000047977,OTHERS,537.6377421888604,2357.9497839963087,MIA
315970011.42366165,00000000-0000-0000-0000-000000047957,OTHERS,557.9075247890692,2361.2505033398747,MIA
315970011.42366165,00000000-0000-0000-0000-000000047891,OTHERS,521.5183645324277,2353.118138897252,MIA
315970011.42366165,00000000-0000-0000-0000-000000047987,OTHERS,510.4085561331978,2352.099405837434,MIA
315970011.42366165,00000000-0000-0000-0000-000000047940,OTHERS,549.5401390040101,2354.241418896229,MIA
315970011.42366165,00000000-0000-0000-0000-000000047909,OTHERS,541.563460632982,2349.493828218335,MIA
315970011.42366165,00000000-0000-0000-0000-000000047727,AGENT,553.2302039179705,2350.8557709138267,MIA
315970011.52367455,00000000-0000-0000-0000-000000000000,AV,527.3388603066484,2353.43963123828,MIA
315970011.52367455,00000000-0000-0000-0000-000000047413,OTHERS,535.2769386456787,2353.886707906965,MIA
315970011.52367455,00000000-0000-0000-0000-000000048018,OTHERS,497.2500735866267,2359.1948944769874,MIA
315970011.52367455,00000000-0000-0000-0000-000000048015,OTHERS,504.70051893981,2349.1083821798848,MIA
315970011.52367455,00000000-0000-0000-0000-000000047977,OTHERS,536.7876103075798,2357.936953990167,MIA
315970011.52367455,00000000-0000-0000-0000-000000047957,OTHERS,557.793866166605,2361.094743020369,MIA
315970011.52367455,00000000-0000-0000-0000-000000047891,OTHERS,521.5122907375599,2353.120406963525,MIA
315970011.52367455,00000000-0000-0000-0000-000000047987,OTHERS,510.6151852714692,2352.1113854240657,MIA
315970011.52367455,00000000-0000-0000-0000-000000047940,OTHERS,549.4561263311492,2354.225533065239,MIA
315970011.52367455,00000000-0000-0000-0000-000000047909,OTHERS,541.9672198886552,2349.512140956327,MIA
315970011.52367455,00000000-0000-0000-0000-000000047727,AGENT,553.2853294603888,2350.8154342327475,MIA
315970011.6247694,00000000-0000-0000-0000-000000000000,AV,527.3389036206244,2353.4392460938143,MIA
315970011.6247694,00000000-0000-0000-0000-000000047413,OTHERS,535.3148426965281,2353.892232855591,MIA
315970011.6247694,00000000-0000-0000-0000-000000047727,AGENT,553.5811158918333,2350.8062747705358,MIA
315970011.6247694,00000000-0000-0000-0000-000000048018,OTHERS,497.0965402680792,2359.1033808645802,MIA
315970011.6247694,00000000-0000-0000-0000-000000048015,OTHERS,505.4772302986962,2349.1727865826497,MIA
315970011.6247694,00000000-0000-0000-0000-000000047977,OTHERS,536.0575825568153,2357.895810300185,MIA
315970011.6247694,00000000-0000-0000-0000-000000047957,OTHERS,557.5136620820305,2360.82949766855,MIA
315970011.6247694,00000000-0000-0000-0000-000000047891,OTHERS,521.5146403335131,2353.141613996115,MIA
315970011.6247694,00000000-0000-0000-0000-000000047987,OTHERS,510.74870400174325,2352.134693439769,MIA
315970011.6247694,00000000-0000-0000-0000-000000047940,OTHERS,549.5701407731569,2354.2399791901566,MIA
315970011.6247694,00000000-0000-0000-0000-000000047909,OTHERS,542.4048009683305,2349.491478282257,MIA
315970011.72311366,00000000-0000-0000-0000-000000000000,AV,527.3389675902496,2353.439245399387,MIA
315970011.72311366,00000000-0000-0000-0000-000000047413,OTHERS,535.2896062122487,2353.895446710261,MIA
315970011.72311366,00000000-0000-0000-0000-000000048018,OTHERS,497.0965402680792,2359.1033808645802,MIA
315970011.72311366,00000000-0000-0000-0000-000000048015,OTHERS,505.96172096011605,2349.1582095711824,MIA
315970011.72311366,00000000-0000-0000-0000-000000047977,OTHERS,535.2494020465282,2357.8427066953395,MIA
315970011.72311366,00000000-0000-0000-0000-000000047957,OTHERS,557.3199994488608,2360.6416281340053,MIA
315970011.72311366,00000000-0000-0000-0000-000000047891,OTHERS,521.5116739275886,2353.121170183057,MIA
315970011.72311366,00000000-0000-0000-0000-000000047987,OTHERS,510.9080962265091,2352.14970554814,MIA
315970011.72311366,00000000-0000-0000-0000-000000047940,OTHERS,549.5179050541475,2354.2479441442,MIA
315970011.72311366,00000000-0000-0000-0000-000000047909,OTHERS,542.8175337055502,2349.5130496504567,MIA
315970011.72311366,00000000-0000-0000-0000-000000047727,AGENT,553.8208827101005,2350.795876828258,MIA
315970011.8237133,00000000-0000-0000-0000-000000000000,AV,527.3392014694931,2353.4390499878173,MIA
315970011.8237133,00000000-0000-0000-0000-000000047413,OTHERS,535.276551931846,2353.8869184875593,MIA
315970011.8237133,00000000-0000-0000-0000-000000048018,OTHERS,496.797291157372,2359.063402718068,MIA
315970011.8237133,00000000-0000-0000-0000-000000048015,OTHERS,506.1353919100252,2349.1183704721093,MIA
315970011.8237133,00000000-0000-0000-0000-000000047977,OTHERS,534.2040752116915,2357.755999669583,MIA
315970011.8237133,00000000-0000-0000-0000-000000047957,OTHERS,557.0913680681517,2360.4254652760487,MIA
315970011.8237133,00000000-0000-0000-0000-000000047891,OTHERS,521.5259683236771,2353.1339842704997,MIA
315970011.8237133,00000000-0000-0000-0000-000000047987,OTHERS,511.1305606424884,2352.1052721408296,MIA
315970011.8237133,00000000-0000-0000-0000-000000047940,OTHERS,549.5231954904785,2354.2493903790405,MIA
315970011.8237133,00000000-0000-0000-0000-000000047909,OTHERS,543.1937791521505,2349.488037920104,MIA
315970011.8237133,00000000-0000-0000-0000-000000047727,AGENT,553.4412758017802,2350.684980714565,MIA
315970011.92399675,00000000-0000-0000-0000-000000000000,AV,527.3393918492461,2353.439220454937,MIA
315970011.92399675,00000000-0000-0000-0000-000000047413,OTHERS,535.2857515158373,2353.879575636747,MIA
315970011.92399675,00000000-0000-0000-0000-000000048018,OTHERS,496.70655550004614,2359.065344421703,MIA
315970011.92399675,00000000-0000-0000-0000-000000048015,OTHERS,506.653205370452,2349.073771575125,MIA
315970011.92399675,00000000-0000-0000-0000-000000047977,OTHERS,533.2308978901615,2357.6786962862884,MIA
315970011.92399675,00000000-0000-0000-0000-000000047957,OTHERS,556.772454369675,2360.175302098645,MIA
315970011.92399675,00000000-0000-0000-0000-000000047891,OTHERS,521.5014967775621,2353.119236892516,MIA
315970011.92399675,00000000-0000-0000-0000-000000047987,OTHERS,511.22537659022925,2352.192982353126,MIA
315970011.92399675,00000000-0000-0000-0000-000000047940,OTHERS,549.4797676212053,2354.241939165724,MIA
315970011.92399675,00000000-0000-0000-0000-000000047909,OTHERS,543.6137561677588,2349.4924791289677,MIA
315970011.92399675,00000000-0000-0000-0000-000000047727,AGENT,553.7917155324936,2350.604682390077,MIA
315970012.02392113,00000000-0000-0000-0000-000000000000,AV,527.3395313327162,2353.4393232049656,MIA
315970012.02392113,00000000-0000-0000-0000-000000047413,OTHERS,535.5480263000588,2354.0725910884416,MIA
315970012.02392113,00000000-0000-0000-0000-000000048018,OTHERS,496.6095580616191,2358.9476803121056,MIA
315970012.02392113,00000000-0000-0000-0000-000000048015,OTHERS,507.1430606851747,2349.1604904606147,MIA
315970012.02392113,00000000-0000-0000-0000-000000047977,OTHERS,532.5458934726151,2357.635953796871,MIA
315970012.02392113,00000000-0000-0000-0000-000000047957,OTHERS,556.4391925487166,2359.990136415682,MIA
315970012.02392113,00000000-0000-0000-0000-000000047891,OTHERS,521.5195446934439,2353.119615998095,MIA
315970012.02392113,00000000-0000-0000-0000-000000047987,OTHERS,511.5027825207627,2352.1682963566627,MIA
315970012.02392113,00000000-0000-0000-0000-000000047940,OTHERS,549.5079938592428,2354.237942492027,MIA
315970012.02392113,00000000-0000-0000-0000-000000047909,OTHERS,543.9942890480156,2349.4874369106965,MIA
315970012.02392113,00000000-0000-0000-0000-000000047727,AGENT,553.9685425044602,2350.4555893232887,MIA
315970012.1222158,00000000-0000-0000-0000-000000000000,AV,527.3395661382873,2353.4394437158912,MIA
315970012.1222158,00000000-0000-0000-0000-000000047413,OTHERS,535.2876652431485,2353.8983695889065,MIA
315970012.1222158,00000000-0000-0000-0000-000000047727,AGENT,554.2011809955683,2350.391415827806,MIA
315970012.1222158,00000000-0000-0000-0000-000000047909,OTHERS,544.3766487833815,2349.5140118138943,MIA
315970012.1222158,00000000-0000-0000-0000-000000047940,OTHERS,549.5307714450988,2354.2486909739505,MIA
315970012.1222158,00000000-0000-0000-0000-000000047891,OTHERS,521.5460921239164,2353.1283556627745,MIA
315970012.1222158,00000000-0000-0000-0000-000000047957,OTHERS,556.2694246030777,2359.863818254729,MIA
315970012.1222158,00000000-0000-0000-0000-000000047977,OTHERS,531.7497566869326,2357.592043813628,MIA
315970012.1222158,00000000-0000-0000-0000-000000047987,OTHERS,511.6228590865255,2352.153944891445,MIA
315970012.1222158,00000000-0000-0000-0000-000000048015,OTHERS,507.66009997230935,2349.194221963296,MIA
315970012.1222158,00000000-0000-0000-0000-000000048018,OTHERS,496.52123478520434,2358.888633405484,MIA
315970012.22200054,00000000-0000-0000-0000-000000000000,AV,527.3397116440494,2353.43920684854,MIA
315970012.22200054,00000000-0000-0000-0000-000000047413,OTHERS,535.2993989176022,2353.909767127272,MIA
315970012.22200054,00000000-0000-0000-0000-000000047727,AGENT,554.9241863402328,2350.156921251424,MIA
315970012.22200054,00000000-0000-0000-0000-000000047909,OTHERS,544.7474169397661,2349.477755676719,MIA
315970012.22200054,00000000-0000-0000-0000-000000047940,OTHERS,549.4758499197825,2354.212723369728,MIA
315970012.22200054,00000000-0000-0000-0000-000000047891,OTHERS,521.5173328154584,2353.1218883155325,MIA
315970012.22200054,00000000-0000-0000-0000-000000047957,OTHERS,556.0914397226827,2359.749317272361,MIA
315970012.22200054,00000000-0000-0000-0000-000000047977,OTHERS,530.9435747014262,2357.6011719182225,MIA
315970012.22200054,00000000-0000-0000-0000-000000047987,OTHERS,511.62755729671477,2352.135598666205,MIA
315970012.22200054,00000000-0000-0000-0000-000000048015,OTHERS,508.09008344228994,2349.205878790545,MIA
315970012.22200054,00000000-0000-0000-0000-000000048018,OTHERS,496.21443424837776,2359.011416533403,MIA
315970012.32231665,00000000-0000-0000-0000-000000000000,AV,527.3398473124573,2353.4390989581584,MIA
315970012.32231665,00000000-0000-0000-0000-000000047413,OTHERS,535.2915941024877,2353.889954796161,MIA
315970012.32231665,00000000-0000-0000-0000-000000048018,OTHERS,496.21443424837776,2359.011416533403,MIA
315970012.32231665,00000000-0000-0000-0000-000000048015,OTHERS,508.62513030768235,2349.1783658148997,MIA
315970012.32231665,00000000-0000-0000-0000-000000047940,OTHERS,549.4503391994526,2354.230287456523,MIA
315970012.32231665,00000000-0000-0000-0000-000000047987,OTHERS,511.89348703531965,2352.1856613171226,MIA
315970012.32231665,00000000-0000-0000-0000-000000047977,OTHERS,529.9771207521322,2357.50655351374,MIA
315970012.32231665,00000000-0000-0000-0000-000000047957,OTHERS,555.8453608351792,2359.628449116289,MIA
315970012.32231665,00000000-0000-0000-0000-000000047891,OTHERS,521.5022567512073,2353.1159483040296,MIA
315970012.32231665,00000000-0000-0000-0000-000000047909,OTHERS,545.1052159640936,2349.4732567461247,MIA
315970012.32231665,00000000-0000-0000-0000-000000047727,AGENT,555.169502319182,2350.0683446098865,MIA
315970012.42169887,00000000-0000-0000-0000-000000000000,AV,527.3399495283817,2353.438883862499,MIA
315970012.42169887,00000000-0000-0000-0000-000000047413,OTHERS,535.2869306251857,2353.9079629434273,MIA
315970012.42169887,00000000-0000-0000-0000-000000047727,AGENT,555.7419261894512,2349.8405229612345,MIA
315970012.42169887,00000000-0000-0000-0000-000000047909,OTHERS,545.4788590518456,2349.4949837433473,MIA
315970012.42169887,00000000-0000-0000-0000-000000047891,OTHERS,521.5269255739488,2353.1366227790536,MIA
315970012.42169887,00000000-0000-0000-0000-000000047957,OTHERS,555.4208134673983,2359.426406008977,MIA
315970012.42169887,00000000-0000-0000-0000-000000047977,OTHERS,529.1848158395269,2357.431282086163,MIA
315970012.42169887,00000000-0000-0000-0000-000000047987,OTHERS,511.8655028011247,2352.158259356427,MIA
315970012.42169887,00000000-0000-0000-0000-000000048015,OTHERS,509.05087026303886,2349.192517337135,MIA
315970012.42169887,00000000-0000-0000-0000-000000047940,OTHERS,549.4487612399663,2354.2039701738777,MIA
315970012.42169887,00000000-0000-0000-0000-000000048018,OTHERS,496.21443424837776,2359.011416533403,MIA
315970012.5219538,00000000-0000-0000-0000-000000000000,AV,527.3402147595536,2353.4389075505906,MIA
315970012.5219538,00000000-0000-0000-0000-000000047413,OTHERS,535.2779435847568,2353.910149293077,MIA
315970012.5219538,00000000-0000-0000-0000-000000047727,AGENT,556.1241592961463,2349.756357792337,MIA
315970012.5219538,00000000-0000-0000-0000-000000047909,OTHERS,545.7902637864157,2349.4867460136347,MIA
315970012.5219538,00000000-0000-0000-0000-000000047891,OTHERS,521.524206834075,2353.1425678626065,MIA
315970012.5219538,00000000-0000-0000-0000-000000047957,OTHERS,555.1717219611056,2359.353627197671,MIA
315970012.5219538,00000000-0000-0000-0000-000000047977,OTHERS,528.5783976659521,2357.4464721480467,MIA
315970012.5219538,00000000-0000-0000-0000-000000047940,OTHERS,549.5234069247491,2354.2396250682905,MIA
315970012.5219538,00000000-0000-0000-0000-000000048018,OTHERS,495.76557031045814,2359.0040104773325,MIA
315970012.5219538,00000000-0000-0000-0000-000000047987,OTHERS,512.1400511770663,2352.2375351338696,MIA
315970012.5219538,00000000-0000-0000-0000-000000048015,OTHERS,509.5215839457164,2349.2035669281545,MIA
315970012.623142,00000000-0000-0000-0000-000000000000,AV,527.3404333114523,2353.439010038281,MIA
315970012.623142,00000000-0000-0000-0000-000000047413,OTHERS,535.2874783755982,2353.8911205682048,MIA
315970012.623142,00000000-0000-0000-0000-000000048018,OTHERS,495.59874688981256,2358.988192024284,MIA
315970012.623142,00000000-0000-0000-0000-000000048015,OTHERS,510.075855437556,2349.1971659077562,MIA
315970012.623142,00000000-0000-0000-0000-000000047940,OTHERS,549.4935049941661,2354.2483008967843,MIA
315970012.623142,00000000-0000-0000-0000-000000047987,OTHERS,512.252303976099,2352.218167554245,MIA
315970012.623142,00000000-0000-0000-0000-000000047977,OTHERS,527.467774460394,2357.312222012605,MIA
315970012.623142,00000000-0000-0000-0000-000000047957,OTHERS,554.6618061196126,2359.15057207814,MIA
315970012.623142,00000000-0000-0000-0000-000000047891,OTHERS,521.5032226492508,2353.124267210179,MIA
315970012.623142,00000000-0000-0000-0000-000000047909,OTHERS,546.1507380854467,2349.4588727212586,MIA
315970012.623142,00000000-0000-0000-0000-000000047727,AGENT,556.4199220646175,2349.613580023507,MIA
315970012.7238476,00000000-0000-0000-0000-000000000000,AV,527.3406149714808,2353.4386507036543,MIA
315970012.7238476,00000000-0000-0000-0000-000000047413,OTHERS,535.2774863976377,2353.8917528081265,MIA
315970012.7238476,00000000-0000-0000-0000-000000048018,OTHERS,495.59874688981256,2358.988192024284,MIA
315970012.7238476,00000000-0000-0000-0000-000000048015,OTHERS,510.5965672232714,2349.2319076071644,MIA
315970012.7238476,00000000-0000-0000-0000-000000047940,OTHERS,549.4985770865006,2354.2352760141307,MIA
315970012.7238476,00000000-0000-0000-0000-000000047987,OTHERS,512.3400746155802,2352.2276755567536,MIA
315970012.7238476,00000000-0000-0000-0000-000000047977,OTHERS,526.8670684946644,2357.259786096928,MIA
315970012.7238476,00000000-0000-0000-0000-000000047957,OTHERS,554.2631639050795,2359.023486329225,MIA
315970012.7238476,00000000-0000-0000-0000-000000047891,OTHERS,521.5128548871679,2353.124869359692,MIA
315970012.7238476,00000000-0000-0000-0000-000000047909,OTHERS,546.4899286214871,2349.4919217155416,MIA
315970012.7238476,00000000-0000-0000-0000-000000047727,AGENT,556.7862942312423,2349.40491814643,MIA
315970012.8238944,00000000-0000-0000-0000-000000000000,AV,527.3404725888229,2353.438674794701,MIA
315970012.8238944,00000000-0000-0000-0000-000000047413,OTHERS,535.2794254114376,2353.888736940079,MIA
315970012.8238944,00000000-0000-0000-0000-000000047727,AGENT,557.1206365361,2349.243188249257,MIA
315970012.8238944,00000000-0000-0000-0000-000000048018,OTHERS,495.3223786300711,2359.001045591324,MIA
315970012.8238944,00000000-0000-0000-0000-000000048015,OTHERS,511.05883453239267,2349.237100212095,MIA
315970012.8238944,00000000-0000-0000-0000-000000047940,OTHERS,549.4914694170083,2354.2525766878657,MIA
315970012.8238944,00000000-0000-0000-0000-000000047987,OTHERS,512.3615067482808,2352.215266048885,MIA
315970012.8238944,00000000-0000-0000-0000-000000047977,OTHERS,526.2069551819565,2357.2555961027365,MIA
315970012.8238944,00000000-0000-0000-0000-000000047957,OTHERS,553.8956300189692,2358.922141526265,MIA
315970012.8238944,00000000-0000-0000-0000-000000047891,OTHERS,521.515264602735,2353.121479609815,MIA
315970012.8238944,00000000-0000-0000-0000-000000047909,OTHERS,546.8604445825381,2349.487319146944,MIA
315970012.92428285,00000000-0000-0000-0000-000000000000,AV,527.3405062100825,2353.4386171924884,MIA
315970012.92428285,00000000-0000-0000-0000-000000047413,OTHERS,535.2849763536985,2353.899460147812,MIA
315970012.92428285,00000000-0000-0000-0000-000000048015,OTHERS,511.6196755380044,2349.2367178406244,MIA
315970012.92428285,00000000-0000-0000-0000-000000047940,OTHERS,549.5207154088101,2354.2696489013,MIA
315970012.92428285,00000000-0000-0000-0000-000000047987,OTHERS,512.5203204953424,2352.263307902661,MIA
315970012.92428285,00000000-0000-0000-0000-000000048018,OTHERS,495.3223786300711,2359.001045591324,MIA
315970012.92428285,00000000-0000-0000-0000-000000047977,OTHERS,525.2875998818109,2357.1892571876224,MIA
315970012.92428285,00000000-0000-0000-0000-000000047957,OTHERS,553.4226647025262,2358.7927923507636,MIA
315970012.92428285,00000000-0000-0000-0000-000000047891,OTHERS,521.5229854154861,2353.1381829375987,MIA
315970012.92428285,00000000-0000-0000-0000-000000047909,OTHERS,547.1890090385708,2349.476486919552,MIA
315970012.92428285,00000000-0000-0000-0000-000000047727,AGENT,557.3181829275408,2349.109149675571,MIA
315970013.02615297,00000000-0000-0000-0000-000000000000,AV,527.3406387374183,2353.438695997833,MIA
315970013.02615297,00000000-0000-0000-0000-000000047413,OTHERS,535.5375810661434,2354.0715464995405,MIA
315970013.02615297,00000000-0000-0000-0000-000000047727,AGENT,557.5238369886215,2349.0196356340743,MIA
315970013.02615297,00000000-0000-0000-0000-000000048015,OTHERS,512.2290214942832,2349.278143986681,MIA
315970013.02615297,00000000-0000-0000-0000-000000047987,OTHERS,512.6175886564829,2352.2567548731204,MIA
315970013.02615297,00000000-0000-0000-0000-000000047940,OTHERS,549.5945045723685,2354.243746639648,MIA
315970013.02615297,00000000-0000-0000-0000-000000048018,OTHERS,495.00782179839445,2358.9725905688283,MIA
315970013.02615297,00000000-0000-0000-0000-000000047977,OTHERS,524.1585505111389,2357.084255759301,MIA
315970013.02615297,00000000-0000-0000-0000-000000047957,OTHERS,552.9814410201785,2358.663004005184,MIA
315970013.02615297,00000000-0000-0000-0000-000000047891,OTHERS,521.5208737313085,2353.1212779182943,MIA
315970013.02615297,00000000-0000-0000-0000-000000047909,OTHERS,547.5320096138513,2349.505228076838,MIA
315970013.1253123,00000000-0000-0000-0000-000000000000,AV,527.3408099543605,2353.4383438207833,MIA
315970013.1253123,00000000-0000-0000-0000-000000047413,OTHERS,535.2756030736958,2353.8791397391833,MIA
315970013.1253123,00000000-0000-0000-0000-000000047727,AGENT,557.6708353715115,2348.8966679895607,MIA
315970013.1253123,00000000-0000-0000-0000-000000047891,OTHERS,521.539794876357,2353.141234452263,MIA
315970013.1253123,00000000-0000-0000-0000-000000048015,OTHERS,512.7487848336518,2349.251544871985,MIA
315970013.1253123,00000000-0000-0000-0000-000000047957,OTHERS,552.577113238469,2358.58347345975,MIA
315970013.1253123,00000000-0000-0000-0000-000000047987,OTHERS,512.7110796173345,2352.2631936220955,MIA
315970013.1253123,00000000-0000-0000-0000-000000047940,OTHERS,549.4573786827128,2354.241772151433,MIA
315970013.1253123,00000000-0000-0000-0000-000000048018,OTHERS,494.87273718730586,2358.989850575391,MIA
315970013.1253123,00000000-0000-0000-0000-000000047977,OTHERS,523.283895955718,2357.011539164936,MIA
315970013.1253123,00000000-0000-0000-0000-000000047909,OTHERS,547.8282118196023,2349.5416250087687,MIA
315970013.22557133,00000000-0000-0000-0000-000000000000,AV,527.3407421727659,2353.438054623323,MIA
315970013.22557133,00000000-0000-0000-0000-000000047413,OTHERS,535.3395081350563,2353.901349714933,MIA
315970013.22557133,00000000-0000-0000-0000-000000047727,AGENT,558.3564376152973,2348.163774326279,MIA
315970013.22557133,00000000-0000-0000-0000-000000047891,OTHERS,521.5126789140244,2353.141024367278,MIA
315970013.22557133,00000000-0000-0000-0000-000000048015,OTHERS,513.3443647341711,2349.2714368863612,MIA
315970013.22557133,00000000-0000-0000-0000-000000047957,OTHERS,552.161910130175,2358.514747935081,MIA
315970013.22557133,00000000-0000-0000-0000-000000047987,OTHERS,512.8679122576194,2352.380864200107,MIA
315970013.22557133,00000000-0000-0000-0000-000000047940,OTHERS,549.4952498889975,2354.2280991906478,MIA
315970013.22557133,00000000-0000-0000-0000-000000048018,OTHERS,494.5699337718349,2358.893804750367,MIA
315970013.22557133,00000000-0000-0000-0000-000000047977,OTHERS,522.4651839320887,2356.9808803128394,MIA
315970013.22557133,00000000-0000-0000-0000-000000047909,OTHERS,548.1184270492226,2349.5055346458034,MIA
315970013.32488894,00000000-0000-0000-0000-000000000000,AV,527.3409997861595,2353.438070575805,MIA
315970013.32488894,00000000-0000-0000-0000-000000047413,OTHERS,535.3393582073209,2353.904705661345,MIA
315970013.32488894,00000000-0000-0000-0000-000000047727,AGENT,558.5967661491111,2347.848570658325,MIA
315970013.32488894,00000000-0000-0000-0000-000000047891,OTHERS,521.5057819228338,2353.1223474548265,MIA
315970013.32488894,00000000-0000-0000-0000-000000048015,OTHERS,513.6673263864514,2349.248330729636,MIA
315970013.32488894,00000000-0000-0000-0000-000000047957,OTHERS,551.2468410339009,2358.343881899741,MIA
315970013.32488894,00000000-0000-0000-0000-000000047987,OTHERS,512.8960274325881,2352.387669458769,MIA
315970013.32488894,00000000-0000-0000-0000-000000047940,OTHERS,549.5223534782917,2354.2820751051177,MIA
315970013.32488894,00000000-0000-0000-0000-000000048018,OTHERS,494.5699337718349,2358.893804750367,MIA
315970013.32488894,00000000-0000-0000-0000-000000047977,OTHERS,521.5539559241258,2356.936200130016,MIA
315970013.32488894,00000000-0000-0000-0000-000000047909,OTHERS,548.4331316723465,2349.5035485365343,MIA
315970013.4251359,00000000-0000-0000-0000-000000000000,AV,527.3411710283468,2353.437884644035,MIA
315970013.4251359,00000000-0000-0000-0000-000000047413,OTHERS,535.2864185479898,2353.8973659811168,MIA
315970013.4251359,00000000-0000-0000-0000-000000047727,AGENT,558.8023982744156,2347.5674448197683,MIA
315970013.4251359,00000000-0000-0000-0000-000000047891,OTHERS,521.5111013236776,2353.127356457889,MIA
315970013.4251359,00000000-0000-0000-0000-000000048015,OTHERS,514.4609674311815,2349.276123567904,MIA
315970013.4251359,00000000-0000-0000-0000-000000047957,OTHERS,551.1613136535939,2358.392472908676,MIA
315970013.4251359,00000000-0000-0000-0000-000000047987,OTHERS,512.9538640863119,2352.3987534057087,MIA
315970013.4251359,00000000-0000-0000-0000-000000047940,OTHERS,549.554770208219,2354.2670691496382,MIA
315970013.4251359,00000000-0000-0000-0000-000000048018,OTHERS,494.5699337718349,2358.893804750367,MIA
315970013.4251359,00000000-0000-0000-0000-000000047977,OTHERS,520.5205468994201,2356.8727714094057,MIA
315970013.4251359,00000000-0000-0000-0000-000000047909,OTHERS,548.7318691196284,2349.494924598647,MIA
315970013.5249414,00000000-0000-0000-0000-000000000000,AV,527.341016756987,2353.4377936204896,MIA
315970013.5249414,00000000-0000-0000-0000-000000047413,OTHERS,535.2785142894573,2353.901407209881,MIA
315970013.5249414,00000000-0000-0000-0000-000000047727,AGENT,559.0265834804561,2347.159876231153,MIA
315970013.5249414,00000000-0000-0000-0000-000000048015,OTHERS,515.111798732784,2349.2521739795834,MIA
315970013.5249414,00000000-0000-0000-0000-000000047987,OTHERS,513.1014067360792,2352.4252132337506,MIA
315970013.5249414,00000000-0000-0000-0000-000000047940,OTHERS,549.5693460830462,2354.2823414839113,MIA
315970013.5249414,00000000-0000-0000-0000-000000048018,OTHERS,494.5699337718349,2358.893804750367,MIA
315970013.5249414,00000000-0000-0000-0000-000000047977,OTHERS,519.6028541397668,2356.7829359001253,MIA
315970013.5249414,00000000-0000-0000-0000-000000047957,OTHERS,550.7442378591878,2358.403699732397,MIA
315970013.5249414,00000000-0000-0000-0000-000000047891,OTHERS,521.5340713479217,2353.134023418715,MIA
315970013.5249414,00000000-0000-0000-0000-000000047909,OTHERS,548.9996757917692,2349.5049056984813,MIA
315970013.6249265,00000000-0000-0000-0000-000000000000,AV,527.3411157932318,2353.437459027005,MIA
315970013.6249265,00000000-0000-0000-0000-000000047413,OTHERS,535.2854505185492,2353.8936300992373,MIA
315970013.6249265,00000000-0000-0000-0000-000000047727,AGENT,559.2142351112021,2346.787828426199,MIA
315970013.6249265,00000000-0000-0000-0000-000000047891,OTHERS,521.5918285238607,2353.1451152825466,MIA
315970013.6249265,00000000-0000-0000-0000-000000048015,OTHERS,515.6025622626125,2349.2885471600744,MIA
315970013.6249265,00000000-0000-0000-0000-000000047987,OTHERS,513.0424339742839,2352.414475688693,MIA
315970013.6249265,00000000-0000-0000-0000-000000047940,OTHERS,549.5829639337422,2354.267461026642,MIA
315970013.6249265,00000000-0000-0000-0000-000000048018,OTHERS,494.1301446630907,2359.0716638043327,MIA
315970013.6249265,00000000-0000-0000-0000-000000047977,OTHERS,518.7250990244813,2356.725532334457,MIA
315970013.6249265,00000000-0000-0000-0000-000000047957,OTHERS,550.169737528714,2358.349097982078,MIA
315970013.6249265,00000000-0000-0000-0000-000000047909,OTHERS,549.3250465386715,2349.540451034521,MIA
315970013.7246232,00000000-0000-0000-0000-000000000000,AV,527.3413110845001,2353.437589110359,MIA
315970013.7246232,00000000-0000-0000-0000-000000047413,OTHERS,535.2745659675857,2353.888501054808,MIA
315970013.7246232,00000000-0000-0000-0000-000000047727,AGENT,559.4062814758377,2346.1280839690203,MIA
315970013.7246232,00000000-0000-0000-0000-000000047891,OTHERS,521.5444545554825,2353.130584594402,MIA
315970013.7246232,00000000-0000-0000-0000-000000048015,OTHERS,516.0911649344768,2349.2390055093483,MIA
315970013.7246232,00000000-0000-0000-0000-000000047987,OTHERS,513.0886850163306,2352.442905007457,MIA
315970013.7246232,00000000-0000-0000-0000-000000047940,OTHERS,549.4639374950364,2354.2590428193234,MIA
315970013.7246232,00000000-0000-0000-0000-000000048018,OTHERS,493.86289831862166,2358.9029801865195,MIA
315970013.7246232,00000000-0000-0000-0000-000000047977,OTHERS,517.7569726782557,2356.6502281590365,MIA
315970013.7246232,00000000-0000-0000-0000-000000047957,OTHERS,549.8412198730819,2358.2801611446607,MIA
315970013.7246232,00000000-0000-0000-0000-000000047909,OTHERS,549.6114036824787,2349.5205047377262,MIA
315970013.8249737,00000000-0000-0000-0000-000000000000,AV,527.3412889991533,2353.4376177033964,MIA
315970013.8249737,00000000-0000-0000-0000-000000047413,OTHERS,535.2879586446833,2353.8735258354527,MIA
315970013.8249737,00000000-0000-0000-0000-000000047727,AGENT,559.435077606414,2345.8008714773764,MIA
315970013.8249737,00000000-0000-0000-0000-000000047891,OTHERS,521.5235859198239,2353.133579422326,MIA
315970013.8249737,00000000-0000-0000-0000-000000047909,OTHERS,549.8797307221879,2349.468129241561,MIA
315970013.8249737,00000000-0000-0000-0000-000000048015,OTHERS,516.7201571147059,2349.313302555046,MIA
315970013.8249737,00000000-0000-0000-0000-000000047987,OTHERS,513.1924972089091,2352.466747852678,MIA
315970013.8249737,00000000-0000-0000-0000-000000047940,OTHERS,549.4297854307654,2354.216526408962,MIA
315970013.8249737,00000000-0000-0000-0000-000000048018,OTHERS,493.86289831862166,2358.9029801865195,MIA
315970013.8249737,00000000-0000-0000-0000-000000047977,OTHERS,516.9811846765203,2356.599353233781,MIA
315970013.8249737,00000000-0000-0000-0000-000000047957,OTHERS,549.3086808362731,2358.3100643684243,MIA
315970013.9247982,00000000-0000-0000-0000-000000000000,AV,527.341383755359,2353.437571342486,MIA
315970013.9247982,00000000-0000-0000-0000-000000047413,OTHERS,535.2784158422828,2353.881195847776,MIA
315970013.9247982,00000000-0000-0000-0000-000000047727,AGENT,559.5462295521552,2345.5225473712603,MIA
315970013.9247982,00000000-0000-0000-0000-000000047891,OTHERS,521.6099736750681,2353.1022393830845,MIA
315970013.9247982,00000000-0000-0000-0000-000000047909,OTHERS,550.1595693268117,2349.5251490352525,MIA
315970013.9247982,00000000-0000-0000-0000-000000047940,OTHERS,549.4379324812951,2354.2278294353464,MIA
315970013.9247982,00000000-0000-0000-0000-000000047987,OTHERS,513.3404501367926,2352.438994177519,MIA
315970013.9247982,00000000-0000-0000-0000-000000048015,OTHERS,517.2265496835208,2349.289165937172,MIA
315970013.9247982,00000000-0000-0000-0000-000000048018,OTHERS,493.86289831862166,2358.9029801865195,MIA
315970013.9247982,00000000-0000-0000-0000-000000047977,OTHERS,515.9085418064042,2356.4590225519164,MIA
315970013.9247982,00000000-0000-0000-0000-000000047957,OTHERS,548.9135105193612,2358.3097987993474,MIA
315970014.02516687,00000000-0000-0000-0000-000000000000,AV,527.3413203755596,2353.437457270456,MIA
315970014.02516687,00000000-0000-0000-0000-000000047413,OTHERS,535.5415784471763,2354.0616023955154,MIA
315970014.02516687,00000000-0000-0000-0000-000000047727,AGENT,559.9499962931753,2344.904394703086,MIA
315970014.02516687,00000000-0000-0000-0000-000000047891,OTHERS,521.5144317649289,2353.1113027397587,MIA
315970014.02516687,00000000-0000-0000-0000-000000047909,OTHERS,550.4336559804493,2349.46096887088,MIA
315970014.02516687,00000000-0000-0000-0000-000000047940,OTHERS,549.4633906830583,2354.2568627739684,MIA
315970014.02516687,00000000-0000-0000-0000-000000047987,OTHERS,513.1528160994139,2352.4286441381096,MIA
315970014.02516687,00000000-0000-0000-0000-000000048018,OTHERS,493.86289831862166,2358.9029801865195,MIA
315970014.02516687,00000000-0000-0000-0000-000000048015,OTHERS,517.8601516081345,2349.3539279969896,MIA
315970014.02516687,00000000-0000-0000-0000-000000047957,OTHERS,548.3422204696569,2358.278733664731,MIA
315970014.02516687,00000000-0000-0000-0000-000000047977,OTHERS,514.995069831852,2356.431759953336,MIA
315970014.1250066,00000000-0000-0000-0000-000000000000,AV,527.3415378652663,2353.4373373277467,MIA
315970014.1250066,00000000-0000-0000-0000-000000047413,OTHERS,535.2798222102941,2353.8847993965924,MIA
315970014.1250066,00000000-0000-0000-0000-000000047727,AGENT,559.7220529387512,2344.753166288437,MIA
315970014.1250066,00000000-0000-0000-0000-000000047891,OTHERS,521.5337655356203,2353.1102861107643,MIA
315970014.1250066,00000000-0000-0000-0000-000000047909,OTHERS,550.7042357441743,2349.5066615873207,MIA
315970014.1250066,00000000-0000-0000-0000-000000047940,OTHERS,549.4861218653106,2354.2550006225056,MIA
315970014.1250066,00000000-0000-0000-0000-000000047987,OTHERS,513.2732951264086,2352.4593106483085,MIA
315970014.1250066,00000000-0000-0000-0000-000000048018,OTHERS,493.4322498260128,2358.8909022943826,MIA
315970014.1250066,00000000-0000-0000-0000-000000048044,OTHERS,502.0470788333288,2349.072147682531,MIA
315970014.1250066,00000000-0000-0000-0000-000000048015,OTHERS,518.352789284937,2349.3344695903643,MIA
315970014.1250066,00000000-0000-0000-0000-000000048032,OTHERS,496.899487162432,2358.37433988324,MIA
315970014.1250066,00000000-0000-0000-0000-000000047957,OTHERS,547.7286368338102,2358.24315257668,MIA
315970014.1250066,00000000-0000-0000-0000-000000047977,OTHERS,514.101560871625,2356.300957773161,MIA
315970014.2246084,00000000-0000-0000-0000-000000000000,AV,527.3417053110057,2353.437160265916,MIA
315970014.2246084,00000000-0000-0000-0000-000000047413,OTHERS,535.2791072499414,2353.893188821245,MIA
315970014.2246084,00000000-0000-0000-0000-000000047727,AGENT,559.7847511124269,2344.101101953518,MIA
315970014.2246084,00000000-0000-0000-0000-000000047891,OTHERS,521.5440025156856,2353.133215139376,MIA
315970014.2246084,00000000-0000-0000-0000-000000047909,OTHERS,550.9190582139429,2349.475486109753,MIA
315970014.2246084,00000000-0000-0000-0000-000000047940,OTHERS,549.5169085102998,2354.2350634653635,MIA
315970014.2246084,00000000-0000-0000-0000-000000047987,OTHERS,513.4520760727418,2352.4046818962893,MIA
315970014.2246084,00000000-0000-0000-0000-000000048018,OTHERS,493.3098866051647,2358.7141545830773,MIA
315970014.2246084,00000000-0000-0000-0000-000000048044,OTHERS,502.6253101570973,2349.133328193254,MIA
315970014.2246084,00000000-0000-0000-0000-000000048015,OTHERS,519.0845106195636,2349.385646482387,MIA
315970014.2246084,00000000-0000-0000-0000-000000048032,OTHERS,496.8949212465558,2358.3560008116533,MIA
315970014.2246084,00000000-0000-0000-0000-000000047957,OTHERS,547.1995629743209,2358.2283854031825,MIA
315970014.2246084,00000000-0000-0000-0000-000000047977,OTHERS,513.2178976045922,2356.2296147693132,MIA
315970014.32469946,00000000-0000-0000-0000-000000000000,AV,527.3417470740702,2353.43694557109,MIA
315970014.32469946,00000000-0000-0000-0000-000000047413,OTHERS,535.2824680083131,2353.893708431793,MIA
315970014.32469946,00000000-0000-0000-0000-000000047727,AGENT,559.7570824747188,2344.351075029172,MIA
315970014.32469946,00000000-0000-0000-0000-000000047891,OTHERS,521.5286104603987,2353.1376806760445,MIA
315970014.32469946,00000000-0000-0000-0000-000000047909,OTHERS,551.1940160380336,2349.504967957161,MIA
315970014.32469946,00000000-0000-0000-0000-000000048044,OTHERS,503.2010993429136,2349.128473942134,MIA
315970014.32469946,00000000-0000-0000-0000-000000048018,OTHERS,493.3098866051647,2358.7141545830773,MIA
315970014.32469946,00000000-0000-0000-0000-000000048015,OTHERS,519.7008461932359,2349.3830208734585,MIA
315970014.32469946,00000000-0000-0000-0000-000000048032,OTHERS,496.8949212465558,2358.3560008116533,MIA
315970014.32469946,00000000-0000-0000-0000-000000047957,OTHERS,546.6874271147146,2358.2148357059023,MIA
315970014.32469946,00000000-0000-0000-0000-000000047987,OTHERS,513.4789609688804,2352.404097398848,MIA
315970014.32469946,00000000-0000-0000-0000-000000047940,OTHERS,549.4828314889969,2354.2463727992385,MIA
315970014.32469946,00000000-0000-0000-0000-000000047977,OTHERS,512.3108922590552,2356.13381978655,MIA
315970014.42461455,00000000-0000-0000-0000-000000000000,AV,527.3418571618475,2353.436651201986,MIA
315970014.42461455,00000000-0000-0000-0000-000000047413,OTHERS,535.3026909574505,2353.904462973765,MIA
315970014.42461455,00000000-0000-0000-0000-000000047727,AGENT,559.8612636925028,2344.062524907493,MIA
315970014.42461455,00000000-0000-0000-0000-000000047891,OTHERS,521.5353540119802,2353.1360839223016,MIA
315970014.42461455,00000000-0000-0000-0000-000000047909,OTHERS,551.4129356937037,2349.4600002427874,MIA
315970014.42461455,00000000-0000-0000-0000-000000047940,OTHERS,549.4774203958134,2354.219775309617,MIA
315970014.42461455,00000000-0000-0000-0000-000000047987,OTHERS,513.4399347235566,2352.376584655421,MIA
315970014.42461455,00000000-0000-0000-0000-000000048044,OTHERS,503.7631248163906,2349.2117680823026,MIA
315970014.42461455,00000000-0000-0000-0000-000000048015,OTHERS,520.236867799948,2349.412878200821,MIA
315970014.42461455,00000000-0000-0000-0000-000000048032,OTHERS,496.88576915235427,2358.2879413813307,MIA
315970014.42461455,00000000-0000-0000-0000-000000047957,OTHERS,545.8070505184314,2358.144044735965,MIA
315970014.42461455,00000000-0000-0000-0000-000000048018,OTHERS,493.01004169100463,2358.646261256771,MIA
315970014.42461455,00000000-0000-0000-0000-000000047977,OTHERS,511.5435013735801,2356.0810803484,MIA
315970014.5258112,00000000-0000-0000-0000-000000000000,AV,527.3420021834896,2353.4368995256227,MIA
315970014.5258112,00000000-0000-0000-0000-000000047413,OTHERS,535.287234636444,2353.9016985505464,MIA
315970014.5258112,00000000-0000-0000-0000-000000047727,AGENT,559.8150573523794,2343.5665957538768,MIA
315970014.5258112,00000000-0000-0000-0000-000000047891,OTHERS,521.5241182593782,2353.1308918659365,MIA
315970014.5258112,00000000-0000-0000-0000-000000047909,OTHERS,551.6525846867208,2349.450383726907,MIA
315970014.5258112,00000000-0000-0000-0000-000000047977,OTHERS,510.6259541088397,2356.009149039073,MIA
315970014.5258112,00000000-0000-0000-0000-000000048044,OTHERS,504.31612583530807,2349.235257644461,MIA
315970014.5258112,00000000-0000-0000-0000-000000047940,OTHERS,549.5184990238304,2354.229911527313,MIA
315970014.5258112,00000000-0000-0000-0000-000000047987,OTHERS,513.584204050111,2352.4898961481085,MIA
315970014.5258112,00000000-0000-0000-0000-000000048015,OTHERS,520.8526826112687,2349.426119521488,MIA
315970014.5258112,00000000-0000-0000-0000-000000048032,OTHERS,496.88576915235427,2358.2879413813307,MIA
315970014.5258112,00000000-0000-0000-0000-000000047957,OTHERS,545.4870019852505,2358.1956910242193,MIA
315970014.5258112,00000000-0000-0000-0000-000000048018,OTHERS,493.01004169100463,2358.646261256771,MIA
315970014.62597847,00000000-0000-0000-0000-000000000000,AV,527.3421462859964,2353.436652227169,MIA
315970014.62597847,00000000-0000-0000-0000-000000047413,OTHERS,535.2819645901928,2353.893761566282,MIA
315970014.62597847,00000000-0000-0000-0000-000000047727,AGENT,560.0715604753816,2343.1575578843303,MIA
315970014.62597847,00000000-0000-0000-0000-000000047891,OTHERS,521.5228606808705,2353.113561594277,MIA
315970014.62597847,00000000-0000-0000-0000-000000047909,OTHERS,551.8670090986933,2349.4748533233223,MIA
315970014.62597847,00000000-0000-0000-0000-000000047977,OTHERS,509.7061152747309,2355.912395712868,MIA
315970014.62597847,00000000-0000-0000-0000-000000048044,OTHERS,504.94132578829317,2349.262744161183,MIA
315970014.62597847,00000000-0000-0000-0000-000000047940,OTHERS,549.5616279748507,2354.233313894813,MIA
315970014.62597847,00000000-0000-0000-0000-000000047987,OTHERS,513.7723642671916,2352.4711703432904,MIA
315970014.62597847,00000000-0000-0000-0000-000000048015,OTHERS,521.4539942353836,2349.43670931899,MIA
315970014.62597847,00000000-0000-0000-0000-000000048032,OTHERS,496.8881100078871,2358.278068004175,MIA
315970014.62597847,00000000-0000-0000-0000-000000047957,OTHERS,544.7971170211579,2358.172127495881,MIA
315970014.62597847,00000000-0000-0000-0000-000000048018,OTHERS,492.7161358899013,2358.662094783951,MIA
315970014.72542304,00000000-0000-0000-0000-000000000000,AV,527.3422681008732,2353.436671847805,MIA
315970014.72542304,00000000-0000-0000-0000-000000047413,OTHERS,535.5352644570015,2354.0649413143883,MIA
315970014.72542304,00000000-0000-0000-0000-000000047727,AGENT,559.8802051763183,2339.0773880865413,MIA
315970014.72542304,00000000-0000-0000-0000-000000047891,OTHERS,521.5381995267029,2353.135469116388,MIA
315970014.72542304,00000000-0000-0000-0000-000000047909,OTHERS,552.0680064391423,2349.466047575272,MIA
315970014.72542304,00000000-0000-0000-0000-000000048044,OTHERS,505.67280286555575,2349.2398889832825,MIA
315970014.72542304,00000000-0000-0000-0000-000000047940,OTHERS,549.4810352569796,2354.2510431058167,MIA
315970014.72542304,00000000-0000-0000-0000-000000047987,OTHERS,513.5152337193873,2352.3986997909838,MIA
315970014.72542304,00000000-0000-0000-0000-000000048049,OTHERS,566.8528569439775,2334.237121448896,MIA
315970014.72542304,00000000-0000-0000-0000-000000048015,OTHERS,522.0311437203137,2349.4973017535963,MIA
315970014.72542304,00000000-0000-0000-0000-000000048032,OTHERS,496.8881100078871,2358.278068004175,MIA
315970014.72542304,00000000-0000-0000-0000-000000047957,OTHERS,544.1783443225331,2358.160784952266,MIA
315970014.72542304,00000000-0000-0000-0000-000000048018,OTHERS,492.7161358899013,2358.662094783951,MIA
315970014.72542304,00000000-0000-0000-0000-000000047977,OTHERS,508.77967812192907,2355.826669422409,MIA
315970014.8256837,00000000-0000-0000-0000-000000000000,AV,527.3422922549612,2353.436574317667,MIA
315970014.8256837,00000000-0000-0000-0000-000000047413,OTHERS,535.5410754479085,2354.061931678425,MIA
315970014.8256837,00000000-0000-0000-0000-000000047727,AGENT,559.6520684228132,2339.251678587237,MIA
315970014.8256837,00000000-0000-0000-0000-000000047891,OTHERS,521.5307010416382,2353.1160546198385,MIA
315970014.8256837,00000000-0000-0000-0000-000000047909,OTHERS,552.3028282326384,2349.433785826913,MIA
315970014.8256837,00000000-0000-0000-0000-000000048044,OTHERS,506.2053398643779,2349.240931746413,MIA
315970014.8256837,00000000-0000-0000-0000-000000048050,OTHERS,559.7925740901827,2338.759310895853,MIA
315970014.8256837,00000000-0000-0000-0000-000000047977,OTHERS,507.8986767941632,2355.711367647822,MIA
315970014.8256837,00000000-0000-0000-0000-000000048049,OTHERS,566.9016622754388,2334.385483363991,MIA
315970014.8256837,00000000-0000-0000-0000-000000047940,OTHERS,549.4321365216633,2354.2042557089826,MIA
315970014.8256837,00000000-0000-0000-0000-000000047987,OTHERS,513.423308262382,2352.444337663797,MIA
315970014.8256837,00000000-0000-0000-0000-000000048015,OTHERS,522.5994501765904,2349.498294881421,MIA
315970014.8256837,00000000-0000-0000-0000-000000048032,OTHERS,496.8881100078871,2358.278068004175,MIA
315970014.8256837,00000000-0000-0000-0000-000000047957,OTHERS,543.5719019519969,2358.1415160297643,MIA
315970014.8256837,00000000-0000-0000-0000-000000048018,OTHERS,492.39901702391603,2358.669584704552,MIA
315970014.92622054,00000000-0000-0000-0000-000000000000,AV,527.3424030426007,2353.436326253933,MIA
315970014.92622054,00000000-0000-0000-0000-000000047413,OTHERS,535.2850979141599,2353.8907821231587,MIA
315970014.92622054,00000000-0000-0000-0000-000000047727,AGENT,560.4014944485189,2341.3402258872666,MIA
315970014.92622054,00000000-0000-0000-0000-000000047891,OTHERS,521.5088105698678,2353.125522213548,MIA
315970014.92622054,00000000-0000-0000-0000-000000047909,OTHERS,552.5206737599543,2349.4173663164543,MIA
315970014.92622054,00000000-0000-0000-0000-000000048050,OTHERS,559.7607421130581,2338.5450580086945,MIA
315970014.92622054,00000000-0000-0000-0000-000000048049,OTHERS,566.7769985793346,2334.9634461267033,MIA
315970014.92622054,00000000-0000-0000-0000-000000047957,OTHERS,542.8490686562126,2358.106313997944,MIA
315970014.92622054,00000000-0000-0000-0000-000000047977,OTHERS,507.086208988336,2355.6573915574786,MIA
315970014.92622054,00000000-0000-0000-0000-000000048015,OTHERS,523.243893640854,2349.550867226885,MIA
315970014.92622054,00000000-0000-0000-0000-000000048044,OTHERS,506.72775688802665,2349.331546424181,MIA
315970014.92622054,00000000-0000-0000-0000-000000047940,OTHERS,549.5635482791671,2354.243574887072,MIA
315970014.92622054,00000000-0000-0000-0000-000000047987,OTHERS,513.5007394603,2352.518692406709,MIA
315970014.92622054,00000000-0000-0000-0000-000000048018,OTHERS,492.1305706313798,2358.736102538397,MIA
315970015.02787346,00000000-0000-0000-0000-000000000000,AV,527.3426139769992,2353.4363987335705,MIA
315970015.02787346,00000000-0000-0000-0000-000000047413,OTHERS,535.2875850133731,2353.885516813977,MIA
315970015.02787346,00000000-0000-0000-0000-000000047727,AGENT,559.5755127672646,2339.801038600844,MIA
315970015.02787346,00000000-0000-0000-0000-000000047891,OTHERS,521.5219250456431,2353.1107470784405,MIA
315970015.02787346,00000000-0000-0000-0000-000000047909,OTHERS,552.7063004040667,2349.420113507443,MIA
315970015.02787346,00000000-0000-0000-0000-000000048050,OTHERS,559.9043631576968,2337.939584789329,MIA
315970015.02787346,00000000-0000-0000-0000-000000047977,OTHERS,506.109967333816,2355.569509684005,MIA
315970015.02787346,00000000-0000-0000-0000-000000048015,OTHERS,523.8622397687037,2349.6322728714604,MIA
315970015.02787346,00000000-0000-0000-0000-000000047957,OTHERS,542.1994178338007,2358.079066873845,MIA
315970015.02787346,00000000-0000-0000-0000-000000048049,OTHERS,566.7769985793598,2334.963446126759,MIA
315970015.02787346,00000000-0000-0000-0000-000000048044,OTHERS,507.25716109572426,2349.3439441914625,MIA
315970015.02787346,00000000-0000-0000-0000-000000047940,OTHERS,549.496573479188,2354.177854007673,MIA
315970015.02787346,00000000-0000-0000-0000-000000047987,OTHERS,513.8392446195799,2352.466827131588,MIA
315970015.02787346,00000000-0000-0000-0000-000000048018,OTHERS,492.035115740945,2358.704623230007,MIA
315970015.1263956,00000000-0000-0000-0000-000000000000,AV,527.3427640385714,2353.436285531367,MIA
315970015.1263956,00000000-0000-0000-0000-000000047413,OTHERS,535.2875850133727,2353.8855168139803,MIA
315970015.1263956,00000000-0000-0000-0000-000000047727,AGENT,559.5755127672629,2339.801038600844,MIA
315970015.1263956,00000000-0000-0000-0000-000000047891,OTHERS,521.5219250456424,2353.1107470784445,MIA
315970015.1263956,00000000-0000-0000-0000-000000047909,OTHERS,552.7063004040667,2349.420113507443,MIA
315970015.1263956,00000000-0000-0000-0000-000000048050,OTHERS,559.9043631576968,2337.939584789329,MIA
315970015.1263956,00000000-0000-0000-0000-000000047977,OTHERS,506.1099673338155,2355.569509684011,MIA
315970015.1263956,00000000-0000-0000-0000-000000048015,OTHERS,523.8622397687028,2349.6322728714645,MIA
315970015.1263956,00000000-0000-0000-0000-000000047957,OTHERS,542.1994178338008,2358.0790668738478,MIA
315970015.1263956,00000000-0000-0000-0000-000000048049,OTHERS,566.7769985793848,2334.963446126816,MIA
315970015.1263956,00000000-0000-0000-0000-000000048044,OTHERS,507.25716109572335,2349.343944191468,MIA
315970015.1263956,00000000-0000-0000-0000-000000047940,OTHERS,549.4965734791874,2354.1778540076743,MIA
315970015.1263956,00000000-0000-0000-0000-000000047987,OTHERS,513.8392446195799,2352.466827131588,MIA
315970015.1263956,00000000-0000-0000-0000-000000048018,OTHERS,492.035115740945,2358.704623230007,MIA
315970015.22885525,00000000-0000-0000-0000-000000000000,AV,527.3427996810505,2353.4365515183586,MIA
315970015.22885525,00000000-0000-0000-0000-000000047413,OTHERS,535.2776362900229,2353.8897191696506,MIA
315970015.22885525,00000000-0000-0000-0000-000000047727,AGENT,560.184504144176,2338.7836723884666,MIA
315970015.22885525,00000000-0000-0000-0000-000000047891,OTHERS,521.5239101585294,2353.115245413285,MIA
315970015.22885525,00000000-0000-0000-0000-000000047909,OTHERS,553.1270216487458,2349.399635442417,MIA
315970015.22885525,00000000-0000-0000-0000-000000047977,OTHERS,504.3780700728751,2355.4010119171962,MIA
315970015.22885525,00000000-0000-0000-0000-000000048049,OTHERS,566.7769985794095,2334.963446126872,MIA
315970015.22885525,00000000-0000-0000-0000-000000048050,OTHERS,559.9542459414648,2337.582236930072,MIA
315970015.22885525,00000000-0000-0000-0000-000000047957,OTHERS,540.8358446699568,2358.04537485672,MIA
315970015.22885525,00000000-0000-0000-0000-000000048054,OTHERS,494.0083361580372,2348.1850947374005,MIA
315970015.22885525,00000000-0000-0000-0000-000000048018,OTHERS,492.035115740945,2358.704623230007,MIA
315970015.22885525,00000000-0000-0000-0000-000000048044,OTHERS,508.4038406855959,2349.399021461234,MIA
315970015.22885525,00000000-0000-0000-0000-000000047940,OTHERS,549.4689340036795,2354.2184113485755,MIA
315970015.22885525,00000000-0000-0000-0000-000000047987,OTHERS,513.5689969273409,2352.4394482139555,MIA
315970015.22885525,00000000-0000-0000-0000-000000048015,OTHERS,525.000375344194,2349.6184246319194,MIA
315970015.3268634,00000000-0000-0000-0000-000000000000,AV,527.3431503126073,2353.4363915645363,MIA
315970015.3268634,00000000-0000-0000-0000-000000047413,OTHERS,535.5475207904494,2354.0687212368107,MIA
315970015.3268634,00000000-0000-0000-0000-000000047600,OTHERS,478.44725770145203,2356.032695178167,MIA
315970015.3268634,00000000-0000-0000-0000-000000047727,AGENT,560.2217885042356,2338.2188184485385,MIA
315970015.3268634,00000000-0000-0000-0000-000000047891,OTHERS,521.5379314414065,2353.134776217789,MIA
315970015.3268634,00000000-0000-0000-0000-000000047909,OTHERS,553.2846297618754,2349.3373553708075,MIA
315970015.3268634,00000000-0000-0000-0000-000000047977,OTHERS,503.6226889273827,2355.3795218282307,MIA
315970015.3268634,00000000-0000-0000-0000-000000048054,OTHERS,494.69035853655237,2348.0743922929314,MIA
315970015.3268634,00000000-0000-0000-0000-000000048050,OTHERS,560.4904931934265,2337.1340721495753,MIA
315970015.3268634,00000000-0000-0000-0000-000000048057,OTHERS,566.6169495715942,2340.82766931172,MIA
315970015.3268634,00000000-0000-0000-0000-000000048018,OTHERS,491.6948674021213,2358.663967730109,MIA
315970015.3268634,00000000-0000-0000-0000-000000048044,OTHERS,508.99852658494905,2349.4140802526613,MIA
315970015.3268634,00000000-0000-0000-0000-000000048015,OTHERS,525.6180818808632,2349.7592922039003,MIA
315970015.3268634,00000000-0000-0000-0000-000000047940,OTHERS,549.5327952530886,2354.2428144914984,MIA
315970015.3268634,00000000-0000-0000-0000-000000047987,OTHERS,513.6048600043051,2352.4616923307394,MIA
315970015.3268634,00000000-0000-0000-0000-000000047957,OTHERS,540.1855846202394,2358.008178377504,MIA
315970015.42707753,00000000-0000-0000-0000-000000000000,AV,527.3431590980954,2353.4367118786513,MIA
315970015.42707753,00000000-0000-0000-0000-000000047413,OTHERS,535.2794518725854,2353.8808760783104,MIA
315970015.42707753,00000000-0000-0000-0000-000000047600,OTHERS,478.4953321519246,2356.048018554116,MIA
315970015.42707753,00000000-0000-0000-0000-000000048058,OTHERS,566.5432258733631,2343.151494692336,MIA
315970015.42707753,00000000-0000-0000-0000-000000047727,AGENT,560.2251390274148,2337.6197677127543,MIA
315970015.42707753,00000000-0000-0000-0000-000000047891,OTHERS,521.5090842122967,2353.1176335584937,MIA
315970015.42707753,00000000-0000-0000-0000-000000047909,OTHERS,553.4961446105481,2349.3379821485,MIA
315970015.42707753,00000000-0000-0000-0000-000000048044,OTHERS,509.4952152122409,2349.462511622805,MIA
315970015.42707753,00000000-0000-0000-0000-000000048054,OTHERS,495.2926734942092,2348.0822053546717,MIA
315970015.42707753,00000000-0000-0000-0000-000000048050,OTHERS,560.4904931934265,2337.1340721495753,MIA
315970015.42707753,00000000-0000-0000-0000-000000047977,OTHERS,502.88159266595545,2355.3415366800314,MIA
315970015.42707753,00000000-0000-0000-0000-000000048057,OTHERS,566.3669148253321,2340.9449912153555,MIA
315970015.42707753,00000000-0000-0000-0000-000000048018,OTHERS,491.380519761391,2358.620314717525,MIA
315970015.42707753,00000000-0000-0000-0000-000000048015,OTHERS,526.4057683381542,2349.8305954722505,MIA
315970015.42707753,00000000-0000-0000-0000-000000047940,OTHERS,549.4780778952265,2354.242762868872,MIA
315970015.42707753,00000000-0000-0000-0000-000000047987,OTHERS,513.631031716544,2352.496006216774,MIA
315970015.42707753,00000000-0000-0000-0000-000000047957,OTHERS,539.4308647128504,2357.9401648135017,MIA
315970015.52720803,00000000-0000-0000-0000-000000000000,AV,527.3434008800338,2353.436784255311,MIA
315970015.52720803,00000000-0000-0000-0000-000000047413,OTHERS,535.2895487439275,2353.888133491345,MIA
315970015.52720803,00000000-0000-0000-0000-000000047600,OTHERS,478.3936516661744,2356.009542925413,MIA
315970015.52720803,00000000-0000-0000-0000-000000048058,OTHERS,566.5469000551429,2344.178209119693,MIA
315970015.52720803,00000000-0000-0000-0000-000000047727,AGENT,560.8466181439408,2336.977748755203,MIA
315970015.52720803,00000000-0000-0000-0000-000000047891,OTHERS,521.514807254677,2353.11602949234,MIA
315970015.52720803,00000000-0000-0000-0000-000000047909,OTHERS,553.6892410958088,2349.312263436232,MIA
315970015.52720803,00000000-0000-0000-0000-000000048044,OTHERS,510.04295849532616,2349.489019607069,MIA
315970015.52720803,00000000-0000-0000-0000-000000048054,OTHERS,495.9148432907811,2348.1390939109074,MIA
315970015.52720803,00000000-0000-0000-0000-000000048050,OTHERS,560.099594686037,2336.922648922412,MIA
315970015.52720803,00000000-0000-0000-0000-000000047977,OTHERS,501.7971434726405,2355.187641123985,MIA
315970015.52720803,00000000-0000-0000-0000-000000048057,OTHERS,566.3669148253091,2340.944991215281,MIA
315970015.52720803,00000000-0000-0000-0000-000000048018,OTHERS,491.380519761391,2358.620314717525,MIA
315970015.52720803,00000000-0000-0000-0000-000000048015,OTHERS,527.1416646615564,2349.900728645495,MIA
315970015.52720803,00000000-0000-0000-0000-000000047940,OTHERS,549.4149188362942,2354.198078139821,MIA
315970015.52720803,00000000-0000-0000-0000-000000047987,OTHERS,513.7618867054525,2352.499622983075,MIA
315970015.52720803,00000000-0000-0000-0000-000000047957,OTHERS,538.7221642783543,2357.954738445489,MIA
315970015.6270542,00000000-0000-0000-0000-000000000000,AV,527.3432148225155,2353.4368544157333,MIA
315970015.6270542,00000000-0000-0000-0000-000000047413,OTHERS,535.2918966934918,2353.890813196874,MIA
315970015.6270542,00000000-0000-0000-0000-000000047600,OTHERS,478.3927008226191,2356.015066626566,MIA
315970015.6270542,00000000-0000-0000-0000-000000048058,OTHERS,566.4953965507083,2344.8841060835985,MIA
315970015.6270542,00000000-0000-0000-0000-000000047727,AGENT,560.8466181439334,2336.977748755181,MIA
315970015.6270542,00000000-0000-0000-0000-000000047891,OTHERS,521.5436897246103,2353.1231641940644,MIA
315970015.6270542,00000000-0000-0000-0000-000000047909,OTHERS,553.8555050143099,2349.2778063488063,MIA
315970015.6270542,00000000-0000-0000-0000-000000048044,OTHERS,510.587327303652,2349.475502395512,MIA
315970015.6270542,00000000-0000-0000-0000-000000048054,OTHERS,496.61736200963537,2348.2606081226863,MIA
315970015.6270542,00000000-0000-0000-0000-000000048050,OTHERS,560.0995946860293,2336.9226489223915,MIA
315970015.6270542,00000000-0000-0000-0000-000000047977,OTHERS,501.0914520166861,2355.2235278127896,MIA
315970015.6270542,00000000-0000-0000-0000-000000048057,OTHERS,566.3669148252861,2340.944991215208,MIA
315970015.6270542,00000000-0000-0000-0000-000000048018,OTHERS,491.380519761391,2358.620314717525,MIA
315970015.6270542,00000000-0000-0000-0000-000000048015,OTHERS,527.6470039561733,2349.918772242342,MIA
315970015.6270542,00000000-0000-0000-0000-000000047940,OTHERS,549.4899092807686,2354.2447954768913,MIA
315970015.6270542,00000000-0000-0000-0000-000000047987,OTHERS,513.6654063414281,2352.458068352857,MIA
315970015.6270542,00000000-0000-0000-0000-000000047957,OTHERS,538.0205955590818,2357.917639857265,MIA
